type,identifier,RMSD,docking_score,model,interface,confidence_score
wt,wt_AAACAAGTTTXAAACAAGTTT.out,35.97,-243.36,model_7,interface_7,0.866133962
mut,fasta_AAACAAGTTTXXXXXXXXXXAAACAAGTTT.out,25.98,-273.87,model_1,interface_1,0.922542211
mut,fasta_GGGCAAGTTTXXXXXXXXXXGGGCAAGTTT.out,27.74,-260,model_2,interface_2,0.900249511
mut,fasta_GGGCAAGTTTXXXXXXXGGGCAAGTTT.out,25.63,-267.57,model_2,interface_2,0.913045443
mut,fasta_GGGCAAGTTTXXXXXGGGCAAGTTT.out,25.02,-253.58,model_3,interface_3,0.888112051
wt,wt_AAACAAGTTTXXXXXXXXAAACAAGTTT.out,44.03,-230.8,model_7,interface_7,0.834242742
wt,wt_GGGCAAGCCCXXGGGCAAGCCC.out,49.4,-231.81,model_5,interface_5,0.837017207
mut,fasta_AAACAAGCCCXXXXXXXXXAAACAAGCCC.out,45.88,-244.08,model_8,interface_8,0.867794798
mut,fasta_AAACAAGCCCXXXXXAAACAAGCCC.out,41.85,-243.58,model_8,interface_8,0.866643302
mut,fasta_AAACAAGTTTXXXXXXXXAAACAAGTTT.out,25.13,-259.81,model_3,interface_3,0.89990775
wt,wt_GGGCAAGCCCGGGCAAGCCC.out,25.03,-224.26,model_7,interface_7,0.815356726
mut,fasta_AAACAAGTTTAAACAAGTTT.out,22.22,-245.15,model_9,interface_9,0.87023069
mut,fasta_GGGCAAGCCCXXXXXXGGGCAAGCCC.out,23.84,-251.89,model_4,interface_4,0.88470906
mut,fasta_AAACAAGCCCXAAACAAGCCC.out,23.45,-257.08,model_4,interface_4,0.894881216
mut,fasta_AAACAAGCCCXXXXXXXXXXXAAACAAGCCC.out,26.29,-251.77,model_3,interface_3,0.884464037
mut,fasta_GGGCAAGCCCXXXXXXXGGGCAAGCCC.out,23.89,-265.56,model_2,interface_2,0.90980038
mut,fasta_GGGCAAGCCCXXXGGGCAAGCCC.out,22.08,-250.28,model_7,interface_7,0.881383789
wt,wt_AAACAAGCCCXXXXXXXXAAACAAGCCC.out,59.67,-233.43,model_3,interface_3,0.841389076
wt,wt_AAACAAGTTTXXXXXXXXXXXXAAACAAGTTT.out,61.73,-234.99,model_4,interface_4,0.845508612
wt,wt_AAACAAGTTTXXAAACAAGTTT.out,38.77,-231.69,model_3,interface_3,0.836689536
mut,fasta_AAACAAGCCCXXXXXXXXAAACAAGCCC.out,24.18,-256.57,model_3,interface_3,0.893917842
wt,wt_AAACAAGCCCXXXXXAAACAAGCCC.out,52.61,-251.01,model_1,interface_1,0.882901688
wt,wt_GGGCAAGCCCXXXXXXXXXGGGCAAGCCC.out,43.47,-231.49,model_6,interface_6,0.836142239
wt,wt_GGGCAAGTTTXXXXGGGCAAGTTT.out,52.19,-248.19,model_2,interface_2,0.876943612
mut,fasta_GGGCAAGTTTXXXXXXXXXXXXGGGCAAGTTT.out,54.51,-263.19,model_3,interface_3,0.905834266
wt,wt_GGGCAAGTTTXXXXXXGGGCAAGTTT.out,62.67,-231.86,model_9,interface_9,0.837153581
mut,fasta_AAACAAGCCCXXXXXXXXXXXXAAACAAGCCC.out,26.78,-267.52,model_4,interface_4,0.912966016
mut,fasta_GGGCAAGTTTXXXGGGCAAGTTT.out,22.71,-243.45,model_9,interface_9,0.866342527
wt,wt_GGGCAAGCCCXXXXXXXXXXXXGGGCAAGCCC.out,81.29,-231.2,model_5,interface_5,0.83534604
wt,wt_GGGCAAGTTTXXXXXGGGCAAGTTT.out,61.72,-230.65,model_8,interface_8,0.83382748
mut,fasta_AAACAAGTTTXXXXXXXXXXXAAACAAGTTT.out,27.1,-246.19,model_9,interface_9,0.872561584
mut,fasta_GGGCAAGCCCXXGGGCAAGCCC.out,22.26,-265.04,model_2,interface_2,0.908943273
wt,wt_AAACAAGTTTXXXXXXXXXXXAAACAAGTTT.out,54.59,-240.53,model_3,interface_3,0.859434374
mut,fasta_AAACAAGTTTXXXXXXXAAACAAGTTT.out,45.68,-247.78,model_3,interface_3,0.876055982
mut,fasta_GGGCAAGTTTGGGCAAGTTT.out,23,-263.12,model_4,interface_4,0.90571478
wt, wt_AAACAAGCCCXXXXAAACAAGCCC.out,30.82,-228.9,model_9,interface_9,0.828921083
wt,wt_AAACAAGCCCAAACAAGCCC.out,38.72,-234.52,model_5,interface_5,0.844276757
wt,wt_AAACAAGTTTXXXXXXAAACAAGTTT.out,55.32,-236.22,model_7,interface_7,0.848694716
wt,wt_AAACAAGTTTXXXXXXXXXAAACAAGTTT.out,62.56,-235.68,model_4,interface_4,0.847302638
wt,wt_GGGCAAGTTTXGGGCAAGTTT.out,27.13,-233.93,model_5,interface_5,0.842719059
mut,fasta_GGGCAAGCCCXGGGCAAGCCC.out,22,-265.24,model_5,interface_5,0.909273793
mut,fasta_AAACAAGCCCXXXXXXXAAACAAGCCC.out,45.34,-250.3,model_4,interface_4,0.881425602
mut,fasta_AAACAAGCCCXXXXAAACAAGCCC.out,23.4,-268.2,model_1,interface_1,0.914040608
wt,wt_AAACAAGCCCXXXXXXXXXXXAAACAAGCCC.out,68.9,-235.26,model_7,interface_7,0.846212665
mut,fasta_GGGCAAGTTTXXXXGGGCAAGTTT.out,22.78,-264.24,model_5,interface_5,0.907610333
wt,wt_AAACAAGTTTXXXXXXXXXXAAACAAGTTT.out,49.29,-228.9,model_7,interface_7,0.828921083
wt,wt_GGGCAAGTTTXXXXXXXXXXGGGCAAGTTT.out,74.43,-228.15,model_9,interface_9,0.826783412
mut,fasta_AAACAAGCCCXXXAAACAAGCCC.out,23.55,-260.16,model_3,interface_3,0.900536504
mut,fasta_AAACAAGCCCXXXXXXAAACAAGCCC.out,24.29,-255,model_4,interface_4,0.890903179
mut,fasta_AAACAAGTTTXXAAACAAGTTT.out,22.57,-276.74,model_2,interface_2,0.926545705
mut,fasta_GGGCAAGTTTXXXXXXXXXGGGCAAGTTT.out,24.34,-246.05,model_8,interface_8,0.872249905
mut,fasta_AAACAAGTTTXXXAAACAAGTTT.out,22.7,-269.59,model_3,interface_3,0.916199871
wt,wt_AAACAAGCCCXXXXXXXXXXXXAAACAAGCCC.out,67.78,-229.56,model_8,interface_8,0.830784868
wt,wt_GGGCAAGCCCXXXXXXGGGCAAGCCC.out,72.61,-235.63,model_5,interface_5,0.847173212
mut,fasta_GGGCAAGCCCXXXXXXXXGGGCAAGCCC.out,47,-261.45,model_6,interface_6,0.902823661
wt,wt_GGGCAAGCCCXXXXXXXGGGCAAGCCC.out,52.62,-228.12,model_10,interface_10,0.826697468
wt,wt_GGGCAAGCCCXXXXXXXXGGGCAAGCCC.out,59.87,-235.79,model_2,interface_2,0.847587058
mut,fasta_GGGCAAGCCCXXXXXXXXXXXXGGGCAAGCCC.out,27.01,-245.27,model_10,interface_10,0.870501479
mut,fasta_AAACAAGTTTXAAACAAGTTT.out,22.07,-247.22,model_7,interface_7,0.874834734
mut,fasta_GGGCAAGCCCXXXXGGGCAAGCCC.out,24.95,-281.57,model_1,interface_1,0.932855293
wt,wt_GGGCAAGCCCXXXXXXXXXXXGGGCAAGCCC.out,71.71,-240.49,model_3,interface_3,0.859337701
wt,wt_GGGCAAGTTTXXXXXXXGGGCAAGTTT.out,57.6,-233.78,model_2,interface_2,0.842321019
mut,fasta_AAACAAGTTTXXXXAAACAAGTTT.out,22.75,-269.48,model_3,interface_3,0.916030806
mut,fasta_GGGCAAGTTTXXGGGCAAGTTT.out,42.36,-269.98,model_3,interface_3,0.916796796
mut,fasta_AAACAAGTTTXXXXXXXXXXXXAAACAAGTTT.out,26.24,-257.59,model_9,interface_9,0.89583686
wt,wt_AAACAAGCCCXXXXXXXXXAAACAAGCCC.out,61.12,-230.44,model_7,interface_7,0.833244716
wt,wt_GGGCAAGTTTGGGCAAGTTT.out,38.85,-255.74,model_1,interface_1,0.89233336
wt,wt_AAACAAGTTTXXXXXXXXXXXXXAAACAAGTTT.out,85.8,-232.23,model_9,interface_9,0.838159889
wt,wt_GGGCAAGTTTXXXXXXXXXXXXGGGCAAGTTT.out,79.62,-226.03,model_9,interface_9,0.820626817
mut,fasta_AAACAAGCCCXXXXXXXXXXXXXAAACAAGCCC.out,54.04,-255.36,model_8,interface_8,0.891601014
wt,wt_GGGCAAGCCCXXXXXXXXXXGGGCAAGCCC.out,68.27,-239.17,model_4,interface_4,0.85611619
mut,fasta_AAACAAGCCCXXAAACAAGCCC.out,23.2,-269.86,model_3,interface_3,0.91661354
wt,wt_GGGCAAGTTTXXXGGGCAAGTTT.out,49.21,-264.72,model_1,interface_1,0.908412186
wt,wt_AAACAAGCCCXXXXXXXXXXAAACAAGCCC.out,53.72,-234.16,model_5,interface_5,0.843327799
wt,wt_GGGCAAGTTTXXXXXXXXXXXXXGGGCAAGTTT.out,53.77,-234.88,model_3,interface_3,0.845221021
mut,fasta_GGGCAAGCCCXXXXXXXXXGGGCAAGCCC.out,47.87,-246.18,model_6,interface_6,0.872539343
mut,fasta_GGGCAAGCCCXXXXXXXXXXXXXGGGCAAGCCC.out,25.97,-256.93,model_1,interface_1,0.894598675
mut,fasta_GGGCAAGTTTXXXXXXXXGGGCAAGTTT.out,24.18,-248.79,model_10,interface_10,0.878232727
wt,wt_GGGCAAGCCCXXXGGGCAAGCCC.out,56.57,-230.23,model_8,interface_8,0.832660317
wt,wt_GGGCAAGTTTXXXXXXXXXXXGGGCAAGTTT.out,71.74,-229.3,model_4,interface_4,0.830052587
wt,wt_GGGCAAGTTTXXXXXXXXGGGCAAGTTT.out,59.44,-226.92,model_8,interface_8,0.823232012
mut,fasta_GGGCAAGTTTXXXXXXGGGCAAGTTT.out,24.54,-283.43,model_1,interface_1,0.935148179
mut,fasta_GGGCAAGTTTXGGGCAAGTTT.out,21.94,-256.13,model_6,interface_6,0.893080452
wt,wt_GGGCAAGTTTXXGGGCAAGTTT.out,44.47,-241.23,model_2,interface_2,0.861117176
mut,fasta_GGGCAAGCCCXXXXXXXXXXGGGCAAGCCC.out,24.99,-256.93,model_7,interface_7,0.894598675
wt,wt_AAACAAGTTTAAACAAGTTT.out,38.71,-276.85,model_1,interface_1,0.926695294
mut,fasta_GGGCAAGCCCGGGCAAGCCC.out,21.81,-266.65,model_4,interface_4,0.911573457
mut,fasta_AAACAAGTTTXXXXXXXXXAAACAAGTTT.out,24.52,-255.66,model_4,interface_4,0.892179544
mut,fasta_AAACAAGCCCXXXXXXXXXXAAACAAGCCC.out,25.45,-252.96,model_8,interface_8,0.886873932
wt,wt_GGGCAAGCCCXXXXXXXXXXXXXGGGCAAGCCC.out,67.48,-224.65,model_10,interface_10,0.816528129
mut,fasta_GGGCAAGTTTXXXXXXXXXXXGGGCAAGTTT.out,26.24,-246.91,model_8,interface_8,0.874154261
mut,fasta_GGGCAAGTTTXXXXXXXXXXXXXGGGCAAGTTT.out,54.11,-265.44,model_3,interface_3,0.909603234
mut,fasta_AAACAAGTTTXXXXXAAACAAGTTT.out,23.2,-249.41,model_10,interface_10,0.879552576
wt,wt_AAACAAGCCCXXXXXXXAAACAAGCCC.out,51.96,-233.12,model_7,interface_7,0.840559911
mut,fasta_GGGCAAGCCCXXXXXGGGCAAGCCC.out,23.75,-278.69,model_1,interface_1,0.929156239
wt,wt_GGGCAAGCCCXXXXGGGCAAGCCC.out,49.85,-239.23,model_1,interface_1,0.856263944
wt,wt_GGGCAAGCCCXGGGCAAGCCC.out,47.89,-226.19,model_8,interface_8,0.821097368
wt,wt_AAACAAGTTTXXXXAAACAAGTTT.out,51.47,-252.37,model_2,interface_2,0.885684639
mut,fasta_AAACAAGTTTXXXXXXAAACAAGTTT.out,43.96,-259.4,model_5,interface_5,0.899166719
wt,wt_AAACAAGTTTXXXXXXXAAACAAGTTT.out,53.28,-230.78,model_10,interface_10,0.834187422
wt,wt_GGGCAAGCCCXXXXXGGGCAAGCCC.out,55.18,-230.15,model_5,interface_5,0.832437259
wt,wt_AAACAAGTTTXXXAAACAAGTTT.out,40.04,-233.23,model_9,interface_9,0.840854532
wt,wt_AAACAAGCCCXXXXXXAAACAAGCCC.out,64.93,-227.53,model_8,interface_8,0.825000374
mut,fasta_GGGCAAGCCCXXXXXXXXXXXGGGCAAGCCC.out,26.18,-269.47,model_5,interface_5,0.916015421
wt,wt_AAACAAGCCCXXAAACAAGCCC.out,56.11,-224.3,model_10,interface_10,0.815477135
wt,wt_GGGCAAGTTTXXXXXXXXXGGGCAAGTTT.out,62.12,-238.15,model_4,interface_4,0.853584991
wt,wt_AAACAAGCCCXXXXXXXXXXXXXAAACAAGCCC.out,70.58,-226.64,model_10,interface_10,0.822415618
mut,fasta_AAACAAGTTTXXXXXXXXXXXXXAAACAAGTTT.out,54.06,-259.02,model_5,interface_5,0.898475565
wt,wt_AAACAAGCCCXXXAAACAAGCCC.out,46.96,-233.18,model_8,interface_8,0.840720669
wt,wt_AAACAAGTTTXXXXXAAACAAGTTT.out,50.87,-237.22,model_8,interface_8,0.851245085
